Q1,Q2,Q3,Q4,Q5,Q6,Q7,Q8,Q9,Q10,Q11,Q12
硕士研究生,3,否,从未,场地、耗材、维护成本高,相机标定与手眼标定,撞坏设备,5,3,3,2,强化学习训练可视化；语音下达指令
本科生（高年级）,3,否,从未,设备数量少，排队等很久；实验课时有限，做不完一个完整流程；需要专人指导，不敢自己试,视觉识别与定位；控制算法（PID、轨迹规划）；正运动学 / 逆运动学,编程太难,3,5,3,4,更多机器人型号；故障注入与排错练习
本科生（低年级）,5,否,1-2 次（演示课看过或摸过）,场地、耗材、维护成本高,多模块系统集成（感知→决策→执行串起来）；坐标系变换；相机标定与手眼标定,撞坏设备,5,5,3,2,更多机器人型号；强化学习训练可视化；故障注入与排错练习
硕士研究生,4,否,3-5 次,实验课时有限，做不完一个完整流程；需要专人指导，不敢自己试,坐标系变换；正运动学 / 逆运动学；相机标定与手眼标定,没什么好担心的,4,5,4,4,语音下达指令；实验报告自动生成；强化学习训练可视化
本科生（高年级）,4,是,5 次以上,设备数量少，排队等很久；需要专人指导，不敢自己试,视觉识别与定位；相机标定与手眼标定；多模块系统集成（感知→决策→执行串起来）,不知道从哪开始,5,4,5,5,语音下达指令
硕士研究生,4,是,从未,需要专人指导，不敢自己试；担心操作失误损坏设备；缺少循序渐进的教程/示例,多模块系统集成（感知→决策→执行串起来）；控制算法（PID、轨迹规划）,不知道从哪开始,3,4,4,3,语音下达指令；强化学习训练可视化；实验报告自动生成
本科生（高年级）,4,是,1-2 次（演示课看过或摸过）,缺少循序渐进的教程/示例；需要专人指导，不敢自己试,坐标系变换,没什么好担心的,4,5,4,3,故障注入与排错练习；更多任务（码垛、装配、分拣）
博士研究生,4,否,1-2 次（演示课看过或摸过）,设备数量少，排队等很久,坐标系变换,编程太难,5,3,3,5,更多机器人型号；更多任务（码垛、装配、分拣）；故障注入与排错练习
本科生（低年级）,3,否,3-5 次,场地、耗材、维护成本高；担心操作失误损坏设备；实验课时有限，做不完一个完整流程,视觉识别与定位；多模块系统集成（感知→决策→执行串起来）；正运动学 / 逆运动学,没什么好担心的,5,5,4,5,强化学习训练可视化；语音下达指令
博士研究生,5,否,从未,设备数量少，排队等很久,控制算法（PID、轨迹规划）,编程太难,3,4,5,2,语音下达指令
本科生（高年级）,5,是,3-5 次,设备数量少，排队等很久；需要专人指导，不敢自己试；实验课时有限，做不完一个完整流程,控制算法（PID、轨迹规划）；坐标系变换；相机标定与手眼标定,不知道从哪开始,5,4,4,2,强化学习训练可视化
博士研究生,4,否,3-5 次,实验课时有限，做不完一个完整流程,多模块系统集成（感知→决策→执行串起来）,不知道从哪开始,5,4,4,3,语音下达指令；更多机器人型号；更多任务（码垛、装配、分拣）
本科生（高年级）,5,是,3-5 次,设备数量少，排队等很久；担心操作失误损坏设备；场地、耗材、维护成本高,相机标定与手眼标定,编程太难,5,5,5,4,更多机器人型号；故障注入与排错练习；实验报告自动生成
本科生（高年级）,4,是,1-2 次（演示课看过或摸过）,缺少循序渐进的教程/示例；担心操作失误损坏设备；设备数量少，排队等很久,相机标定与手眼标定,没什么好担心的,4,3,5,4,实验报告自动生成；更多任务（码垛、装配、分拣）
硕士研究生,3,是,从未,缺少循序渐进的教程/示例,相机标定与手眼标定,编程太难,4,5,5,2,实验报告自动生成；更多任务（码垛、装配、分拣）
本科生（低年级）,5,是,5 次以上,实验课时有限，做不完一个完整流程；缺少循序渐进的教程/示例；需要专人指导，不敢自己试,多模块系统集成（感知→决策→执行串起来）；相机标定与手眼标定,撞坏设备,5,4,4,5,语音下达指令；更多机器人型号；故障注入与排错练习
本科生（高年级）,3,是,5 次以上,实验课时有限，做不完一个完整流程；场地、耗材、维护成本高；缺少循序渐进的教程/示例,相机标定与手眼标定；坐标系变换；视觉识别与定位,撞坏设备,3,5,5,2,实验报告自动生成；更多机器人型号；强化学习训练可视化
本科生（高年级）,3,是,3-5 次,担心操作失误损坏设备,坐标系变换；视觉识别与定位；相机标定与手眼标定,不知道从哪开始,5,4,3,2,更多任务（码垛、装配、分拣）；强化学习训练可视化；故障注入与排错练习
本科生（高年级）,5,是,从未,实验课时有限，做不完一个完整流程；场地、耗材、维护成本高,坐标系变换,编程太难,3,4,5,2,语音下达指令；更多任务（码垛、装配、分拣）；强化学习训练可视化
本科生（低年级）,5,是,1-2 次（演示课看过或摸过）,担心操作失误损坏设备,正运动学 / 逆运动学,没什么好担心的,5,3,3,5,故障注入与排错练习；实验报告自动生成
本科生（高年级）,5,否,5 次以上,场地、耗材、维护成本高；缺少循序渐进的教程/示例；实验课时有限，做不完一个完整流程,视觉识别与定位；相机标定与手眼标定；坐标系变换,没什么好担心的,3,4,3,5,更多任务（码垛、装配、分拣）；语音下达指令
本科生（高年级）,4,是,1-2 次（演示课看过或摸过）,担心操作失误损坏设备；设备数量少，排队等很久；实验课时有限，做不完一个完整流程,多模块系统集成（感知→决策→执行串起来）；相机标定与手眼标定；坐标系变换,不知道从哪开始,3,4,3,2,强化学习训练可视化；更多机器人型号
本科生（高年级）,3,否,5 次以上,缺少循序渐进的教程/示例；实验课时有限，做不完一个完整流程,相机标定与手眼标定；正运动学 / 逆运动学,不知道从哪开始,3,4,5,5,实验报告自动生成；语音下达指令
博士研究生,4,否,从未,实验课时有限，做不完一个完整流程,正运动学 / 逆运动学,不知道从哪开始,4,3,3,4,强化学习训练可视化
硕士研究生,4,是,5 次以上,担心操作失误损坏设备；设备数量少，排队等很久；需要专人指导，不敢自己试,多模块系统集成（感知→决策→执行串起来）,编程太难,4,3,4,2,语音下达指令；更多任务（码垛、装配、分拣）；实验报告自动生成
本科生（高年级）,3,否,从未,设备数量少，排队等很久；担心操作失误损坏设备,控制算法（PID、轨迹规划）；相机标定与手眼标定；坐标系变换,撞坏设备,5,5,3,2,更多任务（码垛、装配、分拣）
本科生（低年级）,3,是,3-5 次,担心操作失误损坏设备；场地、耗材、维护成本高；实验课时有限，做不完一个完整流程,控制算法（PID、轨迹规划）；视觉识别与定位,编程太难,4,4,3,4,语音下达指令
本科生（低年级）,5,是,5 次以上,缺少循序渐进的教程/示例,多模块系统集成（感知→决策→执行串起来）,没什么好担心的,5,4,5,5,更多任务（码垛、装配、分拣）；更多机器人型号；故障注入与排错练习
硕士研究生,3,是,5 次以上,设备数量少，排队等很久；实验课时有限，做不完一个完整流程,正运动学 / 逆运动学,不知道从哪开始,4,3,3,2,强化学习训练可视化；故障注入与排错练习；更多任务（码垛、装配、分拣）
本科生（高年级）,5,否,从未,实验课时有限，做不完一个完整流程；需要专人指导，不敢自己试,控制算法（PID、轨迹规划）；正运动学 / 逆运动学,不知道从哪开始,4,4,5,4,语音下达指令
硕士研究生,3,否,1-2 次（演示课看过或摸过）,担心操作失误损坏设备,正运动学 / 逆运动学；控制算法（PID、轨迹规划）,不知道从哪开始,5,5,3,3,语音下达指令；实验报告自动生成；更多任务（码垛、装配、分拣）
本科生（低年级）,3,否,从未,设备数量少，排队等很久；担心操作失误损坏设备,多模块系统集成（感知→决策→执行串起来）；坐标系变换,撞坏设备,5,5,3,5,实验报告自动生成；强化学习训练可视化
本科生（高年级）,4,是,从未,场地、耗材、维护成本高；缺少循序渐进的教程/示例；实验课时有限，做不完一个完整流程,视觉识别与定位；多模块系统集成（感知→决策→执行串起来）；正运动学 / 逆运动学,编程太难,3,3,3,3,更多任务（码垛、装配、分拣）；语音下达指令；强化学习训练可视化
博士研究生,5,是,从未,场地、耗材、维护成本高；实验课时有限，做不完一个完整流程；缺少循序渐进的教程/示例,正运动学 / 逆运动学；控制算法（PID、轨迹规划）,撞坏设备,5,5,5,2,故障注入与排错练习；语音下达指令；强化学习训练可视化
硕士研究生,3,否,1-2 次（演示课看过或摸过）,实验课时有限，做不完一个完整流程；需要专人指导，不敢自己试；缺少循序渐进的教程/示例,控制算法（PID、轨迹规划）；正运动学 / 逆运动学,没什么好担心的,5,4,3,3,故障注入与排错练习
本科生（高年级）,4,否,3-5 次,场地、耗材、维护成本高；实验课时有限，做不完一个完整流程；设备数量少，排队等很久,正运动学 / 逆运动学；控制算法（PID、轨迹规划）,不知道从哪开始,5,3,5,3,强化学习训练可视化；更多任务（码垛、装配、分拣）；故障注入与排错练习
博士研究生,4,否,从未,实验课时有限，做不完一个完整流程；担心操作失误损坏设备；设备数量少，排队等很久,正运动学 / 逆运动学；相机标定与手眼标定,没什么好担心的,3,5,4,4,更多机器人型号；实验报告自动生成
本科生（低年级）,5,是,1-2 次（演示课看过或摸过）,场地、耗材、维护成本高；担心操作失误损坏设备；需要专人指导，不敢自己试,视觉识别与定位,不知道从哪开始,3,5,4,3,强化学习训练可视化；实验报告自动生成
本科生（低年级）,3,是,5 次以上,缺少循序渐进的教程/示例；需要专人指导，不敢自己试；担心操作失误损坏设备,坐标系变换；控制算法（PID、轨迹规划）；相机标定与手眼标定,没什么好担心的,4,3,4,2,更多任务（码垛、装配、分拣）；强化学习训练可视化
本科生（低年级）,3,是,3-5 次,担心操作失误损坏设备；设备数量少，排队等很久,控制算法（PID、轨迹规划）；视觉识别与定位,撞坏设备,4,4,4,2,语音下达指令；实验报告自动生成
硕士研究生,5,是,1-2 次（演示课看过或摸过）,缺少循序渐进的教程/示例；场地、耗材、维护成本高,坐标系变换；相机标定与手眼标定,没什么好担心的,3,5,4,3,语音下达指令；实验报告自动生成；强化学习训练可视化
博士研究生,5,是,3-5 次,设备数量少，排队等很久；场地、耗材、维护成本高,坐标系变换,没什么好担心的,4,4,4,4,实验报告自动生成；更多任务（码垛、装配、分拣）
博士研究生,5,是,3-5 次,场地、耗材、维护成本高；缺少循序渐进的教程/示例,坐标系变换,编程太难,3,3,5,5,更多机器人型号；强化学习训练可视化；更多任务（码垛、装配、分拣）
博士研究生,4,是,1-2 次（演示课看过或摸过）,设备数量少，排队等很久,相机标定与手眼标定,撞坏设备,4,3,4,4,更多机器人型号；语音下达指令；强化学习训练可视化
博士研究生,4,是,5 次以上,担心操作失误损坏设备；设备数量少，排队等很久,相机标定与手眼标定；视觉识别与定位,不知道从哪开始,3,5,5,3,更多任务（码垛、装配、分拣）
本科生（高年级）,4,否,5 次以上,担心操作失误损坏设备；设备数量少，排队等很久,正运动学 / 逆运动学,没什么好担心的,5,4,5,5,语音下达指令
博士研究生,5,否,5 次以上,设备数量少，排队等很久,坐标系变换,编程太难,5,5,3,5,故障注入与排错练习
本科生（低年级）,3,是,1-2 次（演示课看过或摸过）,设备数量少，排队等很久；担心操作失误损坏设备；实验课时有限，做不完一个完整流程,相机标定与手眼标定；视觉识别与定位；控制算法（PID、轨迹规划）,撞坏设备,3,3,4,3,更多任务（码垛、装配、分拣）；更多机器人型号
本科生（低年级）,3,否,5 次以上,担心操作失误损坏设备；实验课时有限，做不完一个完整流程,视觉识别与定位；坐标系变换,编程太难,3,4,5,4,语音下达指令
本科生（高年级）,4,否,从未,实验课时有限，做不完一个完整流程；缺少循序渐进的教程/示例,坐标系变换；控制算法（PID、轨迹规划）,撞坏设备,5,4,5,5,实验报告自动生成；强化学习训练可视化
本科生（高年级）,3,否,从未,缺少循序渐进的教程/示例,相机标定与手眼标定,编程太难,3,4,3,4,语音下达指令；故障注入与排错练习
博士研究生,5,是,1-2 次（演示课看过或摸过）,缺少循序渐进的教程/示例；设备数量少，排队等很久,坐标系变换；控制算法（PID、轨迹规划）；正运动学 / 逆运动学,编程太难,3,5,3,5,实验报告自动生成
本科生（低年级）,3,否,5 次以上,担心操作失误损坏设备；设备数量少，排队等很久；场地、耗材、维护成本高,相机标定与手眼标定,编程太难,3,5,5,5,更多任务（码垛、装配、分拣）
博士研究生,4,否,5 次以上,设备数量少，排队等很久,正运动学 / 逆运动学,不知道从哪开始,3,4,4,2,更多机器人型号；强化学习训练可视化；更多任务（码垛、装配、分拣）
硕士研究生,4,是,从未,缺少循序渐进的教程/示例；实验课时有限，做不完一个完整流程；担心操作失误损坏设备,控制算法（PID、轨迹规划）；坐标系变换；相机标定与手眼标定,不知道从哪开始,5,4,3,5,实验报告自动生成
博士研究生,3,否,从未,设备数量少，排队等很久；需要专人指导，不敢自己试,坐标系变换；正运动学 / 逆运动学,不知道从哪开始,4,4,4,2,实验报告自动生成；更多任务（码垛、装配、分拣）
硕士研究生,4,是,从未,实验课时有限，做不完一个完整流程,控制算法（PID、轨迹规划）,没什么好担心的,4,4,4,5,强化学习训练可视化
本科生（高年级）,3,否,1-2 次（演示课看过或摸过）,实验课时有限，做不完一个完整流程；担心操作失误损坏设备；场地、耗材、维护成本高,相机标定与手眼标定；视觉识别与定位,撞坏设备,5,3,4,3,强化学习训练可视化
本科生（低年级）,5,是,5 次以上,场地、耗材、维护成本高；担心操作失误损坏设备；实验课时有限，做不完一个完整流程,正运动学 / 逆运动学；多模块系统集成（感知→决策→执行串起来）,不知道从哪开始,5,3,3,2,强化学习训练可视化；实验报告自动生成
本科生（高年级）,3,是,5 次以上,场地、耗材、维护成本高；实验课时有限，做不完一个完整流程,视觉识别与定位；正运动学 / 逆运动学；相机标定与手眼标定,不知道从哪开始,4,5,4,4,实验报告自动生成；更多任务（码垛、装配、分拣）
