轮次,物体,目标区域,结果,放置偏差(mm),耗时(s),连带扰动(mm),是否超时
1,红色方块,黄色区域,成功,3.3,2.0,0.1,否
2,绿色方块,黄色区域,成功,2.3,1.9,0.1,否
3,蓝色方块,黄色区域,成功,1.2,1.9,0.1,否
4,红色方块,紫色区域,成功,4.3,1.9,0.1,否
5,绿色方块,紫色区域,成功,3.3,1.9,0.1,否
6,蓝色方块,紫色区域,成功,2.0,1.8,0.1,否
7,红色方块,黄色区域,成功,3.6,1.9,0.1,否
8,绿色方块,黄色区域,成功,1.9,1.8,0.1,否
9,蓝色方块,黄色区域,成功,1.5,1.8,0.1,否
10,红色方块,紫色区域,成功,4.1,1.9,0.1,否
11,绿色方块,紫色区域,成功,3.7,1.9,0.1,否
12,蓝色方块,紫色区域,成功,1.5,1.8,0.1,否
13,红色方块,黄色区域,成功,3.0,2.0,0.1,否
14,绿色方块,黄色区域,成功,2.1,1.9,0.1,否
15,蓝色方块,黄色区域,成功,1.4,1.9,0.1,否
16,红色方块,紫色区域,成功,4.0,1.9,0.1,否
17,绿色方块,紫色区域,成功,3.4,1.9,0.1,否
18,蓝色方块,紫色区域,成功,2.0,1.8,0.1,否
19,红色方块,黄色区域,成功,3.6,1.9,0.1,否
20,绿色方块,黄色区域,成功,2.3,1.9,0.1,否
21,蓝色方块,黄色区域,成功,1.1,1.9,0.1,否
22,红色方块,紫色区域,成功,3.6,1.9,0.1,否
23,绿色方块,紫色区域,成功,3.3,1.9,0.1,否
24,蓝色方块,紫色区域,成功,2.0,1.9,0.1,否
25,红色方块,黄色区域,成功,3.6,1.9,0.1,否
26,绿色方块,黄色区域,成功,2.7,1.9,0.1,否
27,蓝色方块,黄色区域,成功,1.4,1.9,0.1,否
28,红色方块,紫色区域,成功,3.9,2.0,0.1,否
29,绿色方块,紫色区域,成功,3.4,1.9,0.1,否
30,蓝色方块,紫色区域,成功,2.2,1.9,0.1,否

汇总,成功率%%,100.0,平均偏差mm,2.7,平均耗时s,1.9
汇总,连带扰动次数,0,超时次数,0
